[
    {
        "name": "HTML5",
        "icon": "https://img.icons8.com/color/48/000000/html-5--v1.png"
    },
    {
        "name": "CSS3",
        "icon": "https://img.icons8.com/color/48/000000/css3.png"
    },
    {
        "name": "JavaScript",
        "icon": "https://img.icons8.com/color/48/000000/javascript--v1.png"
    },
    {
        "name": "Java",
        "icon": "https://img.icons8.com/color/48/000000/java-coffee-cup-logo--v1.png"
    },
    {
        "name": "PHP",
        "icon": "https://img.icons8.com/offices/48/000000/php-logo.png"
    },
    {
        "name": "MySQL",
        "icon": "https://img.icons8.com/color/48/000000/mysql-logo.png"
    },
    {
        "name": "GitHub",
        "icon": "https://img.icons8.com/glyph-neue/48/ffffff/github.png"
    }   
]